Index,Keyword,Tweets
0,lion king,When Lion injured becomes even powerful strength determination r
1,lion king,Swift shows long enough get one best songs film also generously wrote strong number
2,lion king,This Lion became hero From zero King
3,lion king,Usko kud pe hi doubt aagaya So asking affecting flushmi
4,lion king,J-5 touche au RT amp Follow pour remporter Disney Classic Games Aladdin amp The Lion King E
5,lion king,Swift shows long enough get one best songs film also generously wrote strong number
6,lion king,J-5 touche au RT amp Follow pour remporter Disney Classic Games Aladdin amp The Lion King E
7,lion king,This Lion became hero From zero King
8,lion king,J-5 touche au RT amp Follow pour remporter Disney Classic Games Aladdin amp The Lion King E
9,lion king,`` The king 's fury like lion 's roar rouse anger risk life Avoiding fight mark hono
10,lion king,You mean Disney hosted lion king Kenya Aladdin saudi Arabia huh
11,lion king,This Lion became hero From zero King
12,lion king,The Lion king seen warthog clearing savannah every meal aroma lacks certain appeal
13,lion king,Usko kud pe hi doubt aagaya So asking affecting flushmi
14,lion king,When Lion injured becomes even powerful strength determination ru
15,lion king,When Lion injured becomes even powerful strength determination ru
16,lion king,J-5 touche au RT amp Follow pour remporter Disney Classic Games Aladdin amp The Lion King E
17,lion king,J-5 touche au RT amp Follow pour remporter Disney Classic Games Aladdin amp The Lion King E
18,lion king,J-5 touche au RT amp Follow pour remporter Disney Classic Games Aladdin amp The Lion King E
19,lion king,J-5 touche au RT amp Follow pour remporter Disney Classic Games Aladdin amp The Lion King E
20,lion king,Our lion King back And meme king
21,lion king,When Lion injured becomes even powerful strength determination ru
22,lion king,J-5 touche au RT amp Follow pour remporter Disney Classic Games Aladdin amp The Lion King E
23,lion king,J-5 touche au RT amp Follow pour remporter Disney Classic Games Aladdin amp The Lion King E
24,lion king,Elton John new Lion King n't fan Brexit bad Interview Dylan Jones
25,lion king,Usko kud pe hi doubt aagaya So asking affecting flushmi
26,lion king,J-5 touche au RT amp Follow pour remporter Disney Classic Games Aladdin amp The Lion King E
27,lion king,Disney 's landmark musical THE LION KING return Manchester next October Tickets go sale February sign-up n
28,lion king,When Lion injured becomes even powerful strength determination r
29,lion king,When Lion injured becomes even powerful strength determination ru
30,lion king,LION ALERT From Namma Chennai lad Sai Kishore Super King
31,lion king,When Lion injured becomes even powerful strength determination r
32,lion king,Bhai aur always wrong King Roaring like lion
33,lion king,When Lion injured becomes even powerful strength determination ru
34,lion king,When Lion injured becomes even powerful strength determination r
35,lion king,This Lion became hero From zero King
36,lion king,Lion King tickets tickets finally got Halifax thanks adding extra afternoon show Bring
37,lion king,Usko kud pe hi doubt aagaya So asking affecting flushmi
38,lion king,J-5 touche au RT amp Follow pour remporter Disney Classic Games Aladdin amp The Lion King E
39,lion king,If artist one four starting points Wolves Warrior cats MLP Anime The Lion King
40,lion king,I honestly think Aladdin best live-action remake Disney done It like someone takes l
41,lion king,When Lion injured becomes even powerful strength determination r
42,lion king,When Lion injured becomes even powerful strength determination ru
43,lion king,When Lion injured becomes even powerful strength determination r
44,lion king,When Lion injured becomes even powerful strength determination ru
45,lion king,J-5 touche au RT amp Follow pour remporter Disney Classic Games Aladdin amp The Lion King E
46,lion king,No streams weekend going Edinburgh family see Lion King theatre show
47,lion king,Usko kud pe hi doubt aagaya So asking affecting yo
48,lion king,Lion king backkk
49,lion king,When Lion injured becomes even powerful strength determination ru
50,lion king,When Lion injured becomes even powerful strength determination
51,lion king,When Lion injured becomes even powerful strength determination ru
52,lion king,J-5 touche au RT amp Follow pour remporter Disney Classic Games Aladdin amp The Lion King E
53,lion king,When Lion injured becomes even powerful strength determination ru
54,lion king,Swift shows long enough get one best songs also generously co-wrote strong number
55,lion king,When Lion injured becomes even powerful strength determination ru
56,lion king,When Lion injured becomes even powerful strength determination ru
57,lion king,When Lion injured becomes even powerful strength determination ru
58,lion king,When Lion injured becomes even powerful strength determination ru
59,lion king,When Lion injured becomes even powerful strength determination ru
60,lion king,When Lion injured becomes even powerful strength determination ru
61,lion king,Lion King Statue
62,lion king,He got first kiss st girlfriend debut watching `` Lion King ''
63,lion king,The real truth know Sid lion bb house No matter happens always ruler THE UNDISPUTED KI
64,lion king,When Lion injured becomes even powerful strength determination ru
65,lion king,When Lion injured becomes even powerful strength determination ru
66,lion king,J-5 touche au RT amp Follow pour remporter Disney Classic Games Aladdin amp The Lion King E
67,lion king,When Lion injured becomes even powerful strength determination ru
68,lion king,When Lion injured becomes even powerful strength determination ru
69,lion king,Bhai aur always wrong King Roaring like lion
70,lion king,Swift shows long enough get one best songs also generously co-wrote strong number f
71,lion king,LION ALERT From Namma Chennai lad Sai Kishore Super King
72,lion king,When Lion injured becomes even powerful strength determination ru
73,lion king,Oh yes past hurt But way I see either run learn The Lion King
74,lion king,When Lion injured becomes even powerful strength determination ru
75,lion king,When Lion injured becomes even powerful strength determination ru
76,lion king,J-5 touche au RT amp Follow pour remporter Disney Classic Games Aladdin amp The Lion King E
77,lion king,When Lion injured becomes even powerful strength determination ru
78,lion king,When Lion injured becomes even powerful strength determination ru
79,lion king,If Mr MQ acts cat like I 'm tempted pick Lion King style show like LOOK AT MY PRECIOUS ST
80,lion king,When Lion injured becomes even powerful strength determination ru
81,lion king,When Lion injured becomes even powerful strength determination ru
82,lion king,J-5 touche au RT amp Follow pour remporter Disney Classic Games Aladdin amp The Lion King E
83,lion king,When Lion injured becomes even powerful strength determination
84,lion king,Take The Lion King Disney California Adventure The Dapper Dans Disneyland
85,lion king,Why use names like Zwangendaba amp Sambanini Lion King instead Mufasa amp Simba
86,lion king,J-5 touche au RT amp Follow pour remporter Disney Classic Games Aladdin amp The Lion King E
87,lion king,J-5 touche au RT amp Follow pour remporter Disney Classic Games Aladdin amp The Lion King E
88,lion king,Why use names like Zwangendaba amp Sambanini Lion King instead Mufasa amp Simba
89,lion king,The real truth know Sid lion bb house No matter happens always ruler THE UNDISPUTED KI
90,lion king,J-5 touche au RT amp Follow pour remporter Disney Classic Games Aladdin amp The Lion King E
91,lion king,The real truth know Sid lion bb house No matter happens always ruler THE UNDISPUTED KI
92,lion king,J-5 touche au RT amp Follow pour remporter Disney Classic Games Aladdin amp The Lion King E
93,lion king,The real truth know Sid lion bb house No matter happens always ruler THE UNDISPUTED KI
94,lion king,The real truth know Sid lion bb house No matter happens always ruler THE UNDISPUTED KI
95,lion king,J-5 touche au RT amp Follow pour remporter Disney Classic Games Aladdin amp The Lion King E
96,lion king,J-5 touche au RT amp Follow pour remporter Disney Classic Games Aladdin amp The Lion King E
97,lion king,J-5 touche au RT amp Follow pour remporter Disney Classic Games Aladdin amp The Lion King E
98,lion king,J-5 touche au RT amp Follow pour remporter Disney Classic Games Aladdin amp The Lion King E
99,lion king,Swift shows long enough get one best songs also generously co-wrote strong number
