0,frozen2,`` It 's family thing '' thread /2 third time I try post ...
1,frozen2,pROTECT THEM PLS
2,frozen2,I need start somewhere So latest drawing travel costume Frozen Art Book
3,frozen2,For reason thought would cute film every little Elsa I saw trick treating I realized I looked
4,frozen2,We LOVE supporting previous current students ALL Such talent
5,frozen2,Sleep darling safe sound For river found
6,frozen2,Elsa sketches dodddlessss
7,frozen2,Sleep darling safe sound For river found
8,frozen2,Jonathan Groff take charades Kristen Bell h
9,frozen2,Frozen2 I finally gave Lulu n Vuvu terrorizing Ster Kinekor Eastgate
10,frozen2,Show Yourself ... Show Yourself ... ...
11,frozen2,I always sprinting bathrooms movies Just Frozen2 Also looked articles bes
12,frozen2,Fri. Today 00 PM Cooming Soon
13,frozen2,This Monday marks first day fall world premiere new trailer Disney https/
14,frozen2,Anna Frozen II costest
15,frozen2,Working Elsa Patreon December Term
16,frozen2,The cast filmmakers stopped fun World Premiere last night 2/7 https
17,frozen2,YEARS
18,frozen2,'ve come far found
19,frozen2,Your majesty One day Prince Charming ... sister take horse ride
20,frozen2,`` It 's family thing '' thread /2 third time I try post ...
21,frozen2,Disney 's Sing-A-Long showing You get sing magical songs watching movie
22,frozen2,Oh n't mind I 'm going listening soundtrack rest time planet
23,frozen2,Fri. Today 00 PM Cooming Soon
24,frozen2,Fri. Today 00 PM Cooming Soon
25,frozen2,Some things never change
26,frozen2,bridge two sides
27,frozen2,Working Elsa Patreon December Term
28,frozen2,`` It 's family thing '' thread /2 third time I try post ...
29,frozen2,asked hongjoong christmas wish said lot members got sick year wish next yea
30,frozen2,'ve come far found
31,frozen2,Y8 thoroughly enjoyed day cinema
32,frozen2,Fri. Today 00 PM Cooming Soon
33,frozen2,Hong Kong Disneyland It 's treasure time
34,frozen2,OUR MUSICAL ACTOR KENSA eected original key Into Unknown Cover OST
35,frozen2,Fri. Today 00 PM Cooming Soon
36,frozen2,I never give Helsa
37,frozen2,SHOW YOURSELF
38,frozen2,Ken said view frozen2 cover video reached million views make another movie
39,frozen2,Don judge
40,frozen2,-day Norway prizes Nature 's Own Adventure /22
41,frozen2,Fri. Today 00 PM Cooming Soon
42,frozen2,Cosplay Frozen2 Elsa Photo
43,frozen2,Today 's sign day requested Lost woods hope enjoy full video https
44,frozen2,Fri. Today 00 PM Cooming Soon
45,frozen2,'ve come far found
46,frozen2,INTO THE UNKNOWNNNNNNnNNNnnnnnn
47,frozen2,Disney 's Sing-A-Long showing You get sing magical songs watching movie
48,frozen2,Elsa Honeymaren get hold Elsa 's concept art
49,frozen2,Disney 's Sing-A-Long showing You get sing magical songs watching movie
50,frozen2,asked hongjoong christmas wish said lot members got sick year wish next yea
51,frozen2,Anna ...
52,frozen2,Cold pretty
53,frozen2,Who wants win amazing prize bundle Simply RT amp comment enter cinemas
54,frozen2,Disney 's Sing-A-Long showing You get sing magical songs watching movie
55,frozen2,The cold never bothered us anyway All Frozen fans love prize bundle worth 160 Just RT
56,frozen2,Eerience home inspired Disney 's Elsa Anna Your shot -day trip Norway prizes beg
57,frozen2,Regarder Frozen 2019 Film Complete Google Drive En Ligne Gratuit Regarder gt gt gt
58,frozen2,
59,frozen2,
60,frozen2,'ve come far found
61,frozen2,Guys iam working Elsa eyes eyebrows difficult draw thanks support iam btw
62,frozen2,better show knight elsa knight elsa
63,frozen2,
64,frozen2,Thanks Disney marvelous visuals bringing Elsa lives
65,frozen2,
66,frozen2,A nice sendoff I made
67,frozen2,
68,frozen2,Anna Frozen II costest
69,frozen2,Fri. Today 00 PM Cooming Soon
70,frozen2,Working Elsa Patreon December Term
71,frozen2,
72,frozen2,I present ... Short-haired Elsa epilogue dress
73,frozen2,
74,frozen2,
75,frozen2,`` It 's family thing '' thread /2 third time I try post ...
76,frozen2,`` It 's family thing '' thread /2 third time I try post ...
77,frozen2,'ve come far found
78,frozen2,`` It 's family thing '' thread /2
79,frozen2,Annas
80,frozen2,
81,frozen2,
82,frozen2,
83,frozen2,`` It 's family thing '' thread /2
84,frozen2,`` It 's family thing '' thread /2 third time I try post ...
85,frozen2,
86,frozen2,`` It 's family thing '' thread /2 third time I try post ...
87,frozen2,sorry hand slipped
88,frozen2,Who wants win amazing prize bundle Simply RT amp comment enter cinemas
89,frozen2,
90,frozen2,
91,frozen2,`` It 's family thing '' thread /2 third time I try post ...
92,frozen2,Finally saw animation absolutely stunning characters scenery look
93,frozen2,
94,frozen2,
95,frozen2,
96,frozen2,
97,frozen2,
98,frozen2,`` It 's family thing '' thread /2 third time I try post ...
99,frozen2,
